name, classID, class
audio_voz_0.mp3,2,arms
audio_voz_1.mp3,2,arms
audio_voz_2.mp3,2,arms
audio_voz_3.mp3,2,arms
audio_voz_4.mp3,2,arms
audio_voz_5.mp3,2,arms
audio_voz_6.mp3,2,arms
audio_voz_7.mp3,2,arms
audio_voz_8.mp3,2,arms
audio_voz_9.mp3,2,arms
audio_voz_10.mp3,2,arms
audio_voz_11.mp3,2,arms
audio_voz_12.mp3,2,arms
audio_voz_13.mp3,2,arms
audio_voz_14.mp3,2,arms
audio_voz_15.mp3,2,arms
audio_voz_16.mp3,2,arms
audio_voz_17.mp3,2,arms
audio_voz_18.mp3,2,arms
audio_voz_19.mp3,2,arms
audio_voz_20.mp3,2,arms
audio_voz_21.mp3,2,arms
audio_voz_22.mp3,2,arms
audio_voz_23.mp3,2,arms
audio_voz_24.mp3,2,arms
audio_voz_25.mp3,2,arms
audio_voz_26.mp3,2,arms
audio_voz_27.mp3,2,arms
audio_voz_28.mp3,2,arms
audio_voz_29.mp3,2,arms
audio_voz_30.mp3,2,arms
audio_voz_31.mp3,2,arms
audio_voz_32.mp3,2,arms
audio_voz_33.mp3,2,arms
audio_voz_34.mp3,2,arms
audio_voz_35.mp3,2,arms
audio_voz_36.mp3,2,arms
audio_voz_37.mp3,2,arms
audio_voz_38.mp3,2,arms
audio_voz_39.mp3,2,arms
audio_voz_40.mp3,2,arms
audio_voz_41.mp3,2,arms
audio_voz_42.mp3,2,arms
audio_voz_43.mp3,2,arms
audio_voz_44.mp3,2,arms
audio_voz_45.mp3,2,arms
audio_voz_46.mp3,2,arms
audio_voz_47.mp3,2,arms
audio_voz_48.mp3,2,arms
audio_voz_49.mp3,2,arms
audio_voz_50.mp3,2,arms
audio_voz_51.mp3,2,arms
audio_voz_52.mp3,2,arms
audio_voz_53.mp3,2,arms
audio_voz_54.mp3,1,nose
audio_voz_55.mp3,1,nose
audio_voz_56.mp3,1,nose
audio_voz_57.mp3,1,nose
audio_voz_58.mp3,1,nose
audio_voz_59.mp3,1,nose
audio_voz_60.mp3,1,nose
audio_voz_61.mp3,1,nose
audio_voz_62.mp3,1,nose
audio_voz_63.mp3,1,nose
audio_voz_64.mp3,1,nose
audio_voz_65.mp3,1,nose
audio_voz_66.mp3,1,nose
audio_voz_67.mp3,1,nose
audio_voz_68.mp3,1,nose
audio_voz_69.mp3,1,nose
audio_voz_70.mp3,1,nose
audio_voz_71.mp3,1,nose
audio_voz_72.mp3,1,nose
audio_voz_73.mp3,1,nose
audio_voz_74.mp3,1,nose
audio_voz_75.mp3,1,nose
audio_voz_76.mp3,1,nose
audio_voz_77.mp3,1,nose
audio_voz_78.mp3,1,nose
audio_voz_79.mp3,1,nose
audio_voz_80.mp3,1,nose
audio_voz_81.mp3,1,nose
audio_voz_82.mp3,1,nose
audio_voz_83.mp3,1,nose
audio_voz_84.mp3,1,nose
audio_voz_85.mp3,1,nose
audio_voz_86.mp3,1,nose
audio_voz_87.mp3,1,nose
audio_voz_88.mp3,1,nose
audio_voz_89.mp3,1,nose
audio_voz_90.mp3,1,nose
audio_voz_91.mp3,1,nose
audio_voz_92.mp3,1,nose
audio_voz_93.mp3,1,nose
audio_voz_94.mp3,1,nose
audio_voz_95.mp3,1,nose
audio_voz_96.mp3,1,nose
audio_voz_97.mp3,1,nose
audio_voz_98.mp3,1,nose
audio_voz_99.mp3,3,must
audio_voz_100.mp3,3,must
audio_voz_101.mp3,3,must
audio_voz_102.mp3,3,must
audio_voz_103.mp3,3,must
audio_voz_104.mp3,3,must
audio_voz_105.mp3,3,must
audio_voz_106.mp3,3,must
audio_voz_107.mp3,3,must
audio_voz_108.mp3,3,must
audio_voz_109.mp3,3,must
audio_voz_110.mp3,3,must
audio_voz_111.mp3,3,must
audio_voz_112.mp3,3,must
audio_voz_113.mp3,3,must
audio_voz_114.mp3,3,must
audio_voz_115.mp3,3,must
audio_voz_116.mp3,3,must
audio_voz_117.mp3,3,must
audio_voz_118.mp3,3,must
audio_voz_119.mp3,3,must
audio_voz_120.mp3,3,must
audio_voz_121.mp3,3,must
audio_voz_122.mp3,3,must
audio_voz_123.mp3,3,must
audio_voz_124.mp3,3,must
audio_voz_125.mp3,3,must
audio_voz_126.mp3,3,must
audio_voz_127.mp3,3,must
audio_voz_128.mp3,3,must
audio_voz_129.mp3,3,must
audio_voz_130.mp3,3,must
audio_voz_131.mp3,3,must
audio_voz_132.mp3,3,must
audio_voz_133.mp3,3,must
audio_voz_134.mp3,3,must
audio_voz_135.mp3,3,must
audio_voz_136.mp3,3,must
audio_voz_137.mp3,3,must
audio_voz_138.mp3,3,must
audio_voz_139.mp3,3,must
audio_voz_140.mp3,3,must
audio_voz_141.mp3,3,must
audio_voz_142.mp3,3,must
audio_voz_143.mp3,3,must
